property_name,town,neighborhood,category,room_or_dish,price_fcfa,breakfast,amenities_tags,phone_number,confidence,source_note
Hôtel Ilomba,Kribi,Bwambe (Route des Chutes de la Lobé),Hotel,Boukarou (entry room),40000,N/A,"Pool,Beach,Spa,Restaurant,WiFi,Beach bar",+237 699 91 29 23,VERIFIED_PHONE,Phone/site verified via hotelilomba.com; price range from Petit Futé (not published on official site)
Hôtel Ilomba,Kribi,Bwambe (Route des Chutes de la Lobé),Hotel,Villa/Suite (top tier),175000,N/A,"Pool,Beach,Spa,Restaurant,WiFi,Beach bar",+237 699 91 29 23,UNCONFIRMED_PRICE,Same as above; top-end price unconfirmed on official site
Les Gîtes de Kribi,Kribi,Route des Chutes de la Lobé,Hotel/Gîte,Chambre,35000-48000,Included,"Pool,Jacuzzi,Restaurant,WiFi,Beach",+237 675 08 08 45,VERIFIED_PHONE,Official contact page gitesdekribi.wixsite.com; pricing from Petit Futé
Les Gîtes de Kribi,Kribi,Route des Chutes de la Lobé,Hotel/Gîte,Bungalow,39000-55000,Included,"Pool,Jacuzzi,Restaurant,WiFi,Beach",+237 675 08 08 45,VERIFIED_PHONE,Same source as above
Les Gîtes de Kribi,Kribi,Route des Chutes de la Lobé,Hotel/Gîte,Cabane (treehouse),42000-59000,Included,"Pool,Jacuzzi,Restaurant,WiFi,Beach",+237 675 08 08 45,VERIFIED_PHONE,Same source as above; secondary phone +237 695 98 88 31
Chez Carimo / Lobé Shacks,Kribi,Lobé Beachfront,Restaurant,Giant prawns platter,12000,N/A,"Beachfront,Charcoal grill,Cash only",,UNCONFIRMED_ALL,Informal beach vendor - no findable official contact; dossier estimate kept per instruction
Campo Ma'an National Park,Campo (near Kribi),N/A,Eco-Park,Entry permit (per person + vehicle),5000 + 2000/vehicle,N/A,"Guides ~10000 FCFA extra,Rainforest,Gorillas,Elephants",,VERIFIED_PRICE,Fee cross-confirmed via Wikivoyage + independent guide; no public booking phone - pay at Campo HQ
Musée de Luma (Grand Batanga),Kribi,Luma village,Museum,Entry,1000-2000,N/A,"Private art museum,Coastal,African art",,UNCONFIRMED_ALL,Private founder-run museum - no phone found; dossier estimate kept
Chutes de la Lobé,Kribi,South of Kribi,Natural Site,Entry / pirogue ride,0 / 3000-5000,N/A,"Waterfall,Beach access,Pirogue",,VERIFIED_PRICE,"Free entry, pirogue fee consistently confirmed across sources"
Plage de Kribi (Tara Plage),Kribi,Downtown Kribi,Public Beach,Entry,0,N/A,"Bars,Swimming,Music",,VERIFIED_PRICE,"Free public beach - confirmed, no fee found anywhere"
Limbe Wildlife Centre,Limbe,Downtown Limbe,Primate Sanctuary,Entry (International adult),3000,N/A,"Primates,Conservation,Guided tours",,VERIFIED_PRICE,"Official site limbewildlife.org/visit - also: Cameroonian adult 500, camera fee 2000; contact by email only (info@limbewildlife.org), no phone published"
Limbe Botanic Garden,Limbe,Bota,Ecotourism/Garden,Entry (International),1000-2500,N/A,"Historic garden,Medicinal plants,War graves",,UNCONFIRMED_PRICE,No official govt site found; range from multiple independent travel-guide sources; camera fee +2000
Mount Cameroon National Park (EMICAM),Buea (Upper Farms trailhead),N/A,Mountain Trekking,Permit + admin fee per day,3000 + 2000/day,N/A,"Trekking,Guide ~6000/day/group,Lodges",+237 675 09 97 06,VERIFIED_PHONE,Official site mtcameroonnationalpark.org; phone is for Fako/Mann's Spring lodge bookings; full 2-day guided package via private operators runs 40000-90000/person incl guide+porter; secondary phone +237 680 09 85 08
Bimbia Slave Trade Port,Limbe area,Bimbia coastline,Historical Heritage,Guide tip,2000-4000,N/A,"Colonial history,Heritage site",,UNCONFIRMED_ALL,Community-run heritage site - no formal booking channel found
Down Beach / Batoke Roasted Fish Sheds,Limbe,Down Beach/Batoke,Traditional Dining,Fish per portion,3000-6000,N/A,"Black sand beach,Fresh fish,Charcoal grill",,UNCONFIRMED_ALL,Informal fish-shed vendors - dossier estimate kept
FINI Hotel Bobende,Limbe,Bobende,Hotel,Room (from),31000-41000,~4000 (approx EUR6/person),"Pool,Restaurant,WiFi,Ocean view",+237 693 38 54 26,VERIFIED_PHONE,Phone verified via HotelsCombined listing; price converted from ~$52-68 USD
Seme Beach Hotel,"Limbe (Idenau Road, Mile 11)",N/A,Resort & Spa,Room (from),35000-95000,N/A,"Pool,Private beach,Tennis,Spa",+237 671 86 46 88,VERIFIED_PHONE,"Official phone via Facebook page + semebeach.com; price range from aggregators, consistent with dossier estimate"
Palais des Rois Bell (La Pagode),Douala,Bonanjo,Heritage Monument,Visit (by appointment via royal family),~3000 (suggested tip; not a fixed fee),N/A,"Colonial architecture,Royal residence,Guided history",,VERIFIED_NOTE,"No fixed public fee/phone - visit arranged via royal family, consistent across independent sources"
Musée Maritime de Douala,Douala,Bonanjo (Rue de l'hôpital),Maritime Museum,Entry (adult resident/non-resident),3500,N/A,"Maritime history,Simulator,Storm room",+237 233 42 21 66,VERIFIED_PHONE,"Fully verified via official site museemaritime.cm - also: students 2500, secondary school 2000, children/primary 1500, camera fee 1000"
Artisanal Village & Flower Market,Douala,Bonanjo / Blvd Liberté,Art & Crafts Market,Purchases (negotiable),Negotiable,N/A,"Bamileke masks,Bronze statues,Ndop textiles",,VERIFIED_NOTE,"Open-air market - no formal contact needed/found, as dossier notes"
Douala-Edéa National Park,Edéa / Sanaga River area,N/A,Mangrove Ecotourism,Boat charter day-trip,25000-45000,N/A,"Mangroves,Manatees,Sea turtles,Chimpanzees",,UNCONFIRMED_ALL,Reclassified as National Park in 2018 - no public booking phone found; book via private tour agencies e.g. Cameroon Travel and Tours
Krystal Palace Douala,Douala,Akwa (Boulevard de la Liberté),5-Star Luxury Hotel,Room (unconfirmed rate),120000-220000,N/A,"Pool,Spa,Skybar,Casino,Conference rooms",+237 233 50 68 00,VERIFIED_PHONE,"Phone verified via official site krystalpalacedouala.com + multiple directories; secondary phones +237 696 30 39 80 / +237 693 52 27 94; price not published, dossier estimate kept"
Pullman Douala Rabingha,Douala,City Center,5-Star Business Hotel,Chambre / Suite,94000 / 157000,N/A,"Pool,Casino,Conference rooms,River view",+237 233 43 50 00,VERIFIED_PHONE,Phone verified via Accor/casino directory listing; price from Petit Futé
L'Ovalie & La Fourchette,Douala,Bonanjo,Fine French Dining,Per person,15000-30000,N/A,"French cuisine,Wine cellar,Steaks",,UNCONFIRMED_ALL,No findable official contact for either restaurant - dossier estimate kept
Marché Sandaga & Deido Soya,Douala,Deido / Sandaga,Night Street Food,Per person,1000-3000,N/A,"Soya,Peppered chicken,Grilled fish,Miondo",,UNCONFIRMED_ALL,Informal street vendors - dossier estimate kept
Musée National de Yaoundé,Yaoundé,Downtown (near Minrex),National Museum,Entry (resident/non-resident),2000 / 5000,N/A,"Ethnographic collections,Presidential history",+237 222 23 85 99,VERIFIED_PHONE,"Official site cameroon-nationalmuseum.cm for phone; pricing cross-confirmed via Petit Futé - NOTE: some visitor reports cite up to 10000 FCFA for foreigners, worth a live call to confirm current rate; secondary phone +237 697 35 94 87"
Méfou Primate Sanctuary,Mfou (45 min south of Yaoundé),N/A,Wildlife Sanctuary,Entry (foreigner adult / local adult),7500-10000 / 1000,N/A,"Chimpanzees,Gorillas,Mandrills,Guided walks",+237 650 79 07 47,VERIFIED_PHONE,"Official Ape Action Africa contact via apeactionafrica.org / Facebook page; child rates: foreigner 2000, local 500"
Monument de la Réunification,Yaoundé,Ngoa-Ekélé,Historic Monument,Grounds access,0 (exterior) / ~1000 (grounds),N/A,"Reunification history,Photo spot",,UNCONFIRMED_PRICE,No phone found - public monument
Mvog-Betsi Zoo & Botanical Garden,Yaoundé,Mvog-Betsi district,Urban Zoo,Entry,1500-2500,N/A,"Reptiles,Drill monkeys,Birds of prey",,UNCONFIRMED_ALL,No official site found
Mont Fébé & Golf Club,Yaoundé,Mont Fébé heights,Scenic Vantage/Golf,Golf fee (variable),Free views; golf fee not published,N/A,"Panoramic view,18-hole golf course",,UNCONFIRMED_ALL,Golf club pricing not published online
Hilton Yaoundé,Yaoundé,Central Business District,5-Star Luxury Hotel,Room (from),151000-174000,N/A,"Pool,Rooftop bar,Tennis,Sushi restaurant",+237 650 56 55 96,VERIFIED_PHONE,Official Hilton chain listing (hilton.com); price ~$252-290/night converted
Star Land Hotel Bastos,Yaoundé,Bastos (Rue Ambassade de Russie),Boutique Luxury Hotel,Room (from),96000-112000,Buffet available for a fee,"Pool,Spa,Conference rooms,3 restaurants",+237 673 44 49 49,VERIFIED_PHONE,Official site starlandhotel.com; secondary phone +237 671 00 08 88; price ~$160-186/night converted
Chez Wou & La Salsa,Yaoundé,Bastos,Fine Dining,Per person,12000-25000,N/A,"Asian dining,Garden dining,Cocktails",,UNCONFIRMED_ALL,No findable official contact for either restaurant - dossier estimate kept
Palais Royal de Foumban & Museum,Foumban,Chefferie Bamoun,Royal Palace/UNESCO,Museum entry,3000-5000,N/A,"Bamoun history,Shümom script,Royal artifacts",+237 698 53 39 81,VERIFIED_PHONE,"Phone verified via Trip.com listing; exact price not officially published, dossier estimate kept"
Rue des Artisans (Artisan Street),Foumban,Palace gate,Artisanal Guild,Craft purchases,0 (free entry) / negotiable purchases,N/A,"Bronze casting,Wood carving,Pottery",,VERIFIED_NOTE,"Free public street - no formal contact needed, confirmed"
Chutes d'Ekom Nkam,Melong/Nkongsamba area,N/A,Waterfall/Jungle,Entry,3500,N/A,"80m waterfall,Tarzan film site,Hiking",,VERIFIED_PRICE,"Price confirmed via Generation Voyage; no direct site phone - book via tour agencies e.g. CamerTour, Alfa Travel"
Chefferie de Bandjoun,Bandjoun (near Bafoussam),N/A,Ancestral Palace/Museum,Museum entry (adult/child),2000 / 500,N/A,"Bamileke architecture,Royal relics,Ndop cloth",,VERIFIED_PRICE,"Price confirmed independently; camera fee 1000, video 3000; no public phone found - visits arranged on-site"
Domaine du Pétpenoun,Kouoptamo (Lake Petpenoun),N/A,Eco-Resort/Lake,Room (non-member),40000-75000,6000 (extra),"Lake,Pool,Golf,Water skiing,Boat rides",+237 699 92 01 98,VERIFIED_PHONE,Official site petpenoun.com; secondary phone +237 677 97 72 99; lunch/dinner 17000 extra; dossier's 55000-110000 estimate runs slightly higher than confirmed range
Hôtel Zingana,Bafoussam,City Center,Cultural Boutique Hotel,Room (from),48000,Buffet included,"Grassfields art,Rooftop restaurant,Modern amenities",+237 233 44 50 52,VERIFIED_PHONE,Fully verified via official site hotelzingana.com; secondary phone +237 698 17 96 38; price ~$81/night converted
West Region Gastronomy Spots,Bafoussam & Foumban,N/A,Traditional Dining,Per meal,2000-5000,N/A,"Taro sauce jaune,Koki beans,Nkui",,UNCONFIRMED_ALL,Informal regional dining - dossier estimate kept
